-- Popular base de dados

USE Gestor_Eleicoes;

-- Criação de nr de eleitores

INSERT INTO `Eleitor` (`id_eleitor`,`password`,`local_voto`) VALUES (1,"password","CELORICO DE BASTO"),(2,"password","BRAGA"),(3,"password","VILA NOVA DE FAMALICÂO"),(4,"password","VIEIRA DO MINHO"),(5,"password","VIZELA"),(6,"password","BARCELO"),(7,"password","TERRAS DE BOURO"),(8,"password","ESPOSENDE"),(9,"password","BARCELO"),(10,"password","PÓVOA DE LANHOSO");
INSERT INTO `Eleitor` (`id_eleitor`,`password`,`local_voto`) VALUES (11,"password","FAFE"),(12,"password","TERRAS DE BOURO"),(13,"password","FAFE"),(14,"password","TERRAS DE BOURO"),(15,"password","VIEIRA DO MINHO"),(16,"password","BRAGA"),(17,"password","VILA VERDE"),(18,"password","GUIMARÂES"),(19,"password","TERRAS DE BOURO"),(20,"password","FAFE");
INSERT INTO `Eleitor` (`id_eleitor`,`password`,`local_voto`) VALUES (21,"password","VIZELA"),(22,"password","VILA NOVA DE FAMALICÂO"),(23,"password","VILA NOVA DE FAMALICÂO"),(24,"password","VILA NOVA DE FAMALICÂO"),(25,"password","TERRAS DE BOURO"),(26,"password","BARCELO"),(27,"password","GUIMARÂES"),(28,"password","VIEIRA DO MINHO"),(29,"password","VIEIRA DO MINHO"),(30,"password","VIZELA");
INSERT INTO `Eleitor` (`id_eleitor`,`password`,`local_voto`) VALUES (31,"password","ESPOSENDE"),(32,"password","AMARES"),(33,"password","CABECEIRAS DE BASTO"),(34,"password","VILA NOVA DE FAMALICÂO"),(35,"password","CABECEIRAS DE BASTO"),(36,"password","VILA NOVA DE FAMALICÂO"),(37,"password","BRAGA"),(38,"password","TERRAS DE BOURO"),(39,"password","ESPOSENDE"),(40,"password","VILA NOVA DE FAMALICÂO");
INSERT INTO `Eleitor` (`id_eleitor`,`password`,`local_voto`) VALUES (41,"password","BRAGA"),(42,"password","VIZELA"),(43,"password","PÓVOA DE LANHOSO"),(44,"password","VILA NOVA DE FAMALICÂO"),(45,"password","ESPOSENDE"),(46,"password","FAFE"),(47,"password","VIEIRA DO MINHO"),(48,"password","PÓVOA DE LANHOSO"),(49,"password","TERRAS DE BOURO"),(50,"password","VIEIRA DO MINHO");
INSERT INTO `Eleitor` (`id_eleitor`,`password`,`local_voto`) VALUES (51,"password","ESPOSENDE"),(52,"password","CELORICO DE BASTO"),(53,"password","AMARES"),(54,"password","ESPOSENDE"),(55,"password","CABECEIRAS DE BASTO"),(56,"password","BRAGA"),(57,"password","CABECEIRAS DE BASTO"),(58,"password","BRAGA"),(59,"password","GUIMARÂES"),(60,"password","VILA NOVA DE FAMALICÂO");
INSERT INTO `Eleitor` (`id_eleitor`,`password`,`local_voto`) VALUES (61,"password","AMARES"),(62,"password","BRAGA"),(63,"password","ESPOSENDE"),(64,"password","TERRAS DE BOURO"),(65,"password","VILA VERDE"),(66,"password","VIEIRA DO MINHO"),(67,"password","VILA VERDE"),(68,"password","VILA NOVA DE FAMALICÂO"),(69,"password","GUIMARÂES"),(70,"password","VIEIRA DO MINHO");
INSERT INTO `Eleitor` (`id_eleitor`,`password`,`local_voto`) VALUES (71,"password","VIZELA"),(72,"password","GUIMARÂES"),(73,"password","VIZELA"),(74,"password","AMARES"),(75,"password","TERRAS DE BOURO"),(76,"password","AMARES"),(77,"password","TERRAS DE BOURO"),(78,"password","CELORICO DE BASTO"),(79,"password","CABECEIRAS DE BASTO"),(80,"password","TERRAS DE BOURO");
INSERT INTO `Eleitor` (`id_eleitor`,`password`,`local_voto`) VALUES (81,"password","CELORICO DE BASTO"),(82,"password","CABECEIRAS DE BASTO"),(83,"password","BRAGA"),(84,"password","GUIMARÂES"),(85,"password","ESPOSENDE"),(86,"password","AMARES"),(87,"password","PÓVOA DE LANHOSO"),(88,"password","GUIMARÂES"),(89,"password","VILA VERDE"),(90,"password","VILA VERDE");
INSERT INTO `Eleitor` (`id_eleitor`,`password`,`local_voto`) VALUES (91,"password","VILA VERDE"),(92,"password","PÓVOA DE LANHOSO"),(93,"password","GUIMARÂES"),(94,"password","PÓVOA DE LANHOSO"),(95,"password","VILA NOVA DE FAMALICÂO"),(96,"password","CELORICO DE BASTO"),(97,"password","BRAGA"),(98,"password","GUIMARÂES"),(99,"password","VILA NOVA DE FAMALICÂO"),(100,"password","GUIMARÂES");
INSERT INTO `Eleitor` (`id_eleitor`,`password`,`local_voto`) VALUES (101,"password","AMARES"),(102,"password","FAFE"),(103,"password","CABECEIRAS DE BASTO"),(104,"password","BARCELO"),(105,"password","VIEIRA DO MINHO"),(106,"password","VIZELA"),(107,"password","CELORICO DE BASTO"),(108,"password","PÓVOA DE LANHOSO"),(109,"password","VILA VERDE"),(110,"password","VIZELA");
INSERT INTO `Eleitor` (`id_eleitor`,`password`,`local_voto`) VALUES (111,"password","BRAGA"),(112,"password","PÓVOA DE LANHOSO"),(113,"password","VIEIRA DO MINHO"),(114,"password","BRAGA"),(115,"password","CABECEIRAS DE BASTO"),(116,"password","VILA NOVA DE FAMALICÂO"),(117,"password","CELORICO DE BASTO"),(118,"password","VIEIRA DO MINHO"),(119,"password","AMARES"),(120,"password","ESPOSENDE");
INSERT INTO `Eleitor` (`id_eleitor`,`password`,`local_voto`) VALUES (121,"password","VIZELA"),(122,"password","ESPOSENDE"),(123,"password","VIEIRA DO MINHO"),(124,"password","CABECEIRAS DE BASTO"),(125,"password","CELORICO DE BASTO"),(126,"password","VILA VERDE"),(127,"password","VILA NOVA DE FAMALICÂO"),(128,"password","CABECEIRAS DE BASTO"),(129,"password","VILA NOVA DE FAMALICÂO"),(130,"password","VILA VERDE");
INSERT INTO `Eleitor` (`id_eleitor`,`password`,`local_voto`) VALUES (131,"password","BRAGA"),(132,"password","BARCELO"),(133,"password","ESPOSENDE"),(134,"password","VILA NOVA DE FAMALICÂO"),(135,"password","ESPOSENDE"),(136,"password","CELORICO DE BASTO"),(137,"password","GUIMARÂES"),(138,"password","TERRAS DE BOURO"),(139,"password","CABECEIRAS DE BASTO"),(140,"password","BRAGA");
INSERT INTO `Eleitor` (`id_eleitor`,`password`,`local_voto`) VALUES (141,"password","CELORICO DE BASTO"),(142,"password","GUIMARÂES"),(143,"password","VIZELA"),(144,"password","VIZELA"),(145,"password","FAFE"),(146,"password","FAFE"),(147,"password","BRAGA"),(148,"password","BARCELO"),(149,"password","VILA VERDE"),(150,"password","BARCELO");
INSERT INTO `Eleitor` (`id_eleitor`,`password`,`local_voto`) VALUES (151,"password","FAFE"),(152,"password","VILA NOVA DE FAMALICÂO"),(153,"password","GUIMARÂES"),(154,"password","VIZELA"),(155,"password","PÓVOA DE LANHOSO"),(156,"password","CABECEIRAS DE BASTO"),(157,"password","TERRAS DE BOURO"),(158,"password","FAFE"),(159,"password","PÓVOA DE LANHOSO"),(160,"password","FAFE");
INSERT INTO `Eleitor` (`id_eleitor`,`password`,`local_voto`) VALUES (161,"password","PÓVOA DE LANHOSO"),(162,"password","PÓVOA DE LANHOSO"),(163,"password","FAFE"),(164,"password","VIEIRA DO MINHO"),(165,"password","AMARES"),(166,"password","VILA NOVA DE FAMALICÂO"),(167,"password","TERRAS DE BOURO"),(168,"password","GUIMARÂES"),(169,"password","VILA NOVA DE FAMALICÂO"),(170,"password","TERRAS DE BOURO");
INSERT INTO `Eleitor` (`id_eleitor`,`password`,`local_voto`) VALUES (171,"password","VIEIRA DO MINHO"),(172,"password","BRAGA"),(173,"password","CELORICO DE BASTO"),(174,"password","VILA VERDE"),(175,"password","BRAGA"),(176,"password","ESPOSENDE"),(177,"password","CABECEIRAS DE BASTO"),(178,"password","BRAGA"),(179,"password","ESPOSENDE"),(180,"password","BARCELO");
INSERT INTO `Eleitor` (`id_eleitor`,`password`,`local_voto`) VALUES (181,"password","FAFE"),(182,"password","FAFE"),(183,"password","GUIMARÂES"),(184,"password","FAFE"),(185,"password","VILA VERDE"),(186,"password","PÓVOA DE LANHOSO"),(187,"password","VILA NOVA DE FAMALICÂO"),(188,"password","ESPOSENDE"),(189,"password","FAFE"),(190,"password","CABECEIRAS DE BASTO");
INSERT INTO `Eleitor` (`id_eleitor`,`password`,`local_voto`) VALUES (191,"password","TERRAS DE BOURO"),(192,"password","GUIMARÂES"),(193,"password","CELORICO DE BASTO"),(194,"password","CABECEIRAS DE BASTO"),(195,"password","GUIMARÂES"),(196,"password","FAFE"),(197,"password","AMARES"),(198,"password","VIEIRA DO MINHO"),(199,"password","VILA NOVA DE FAMALICÂO"),(200,"password","VILA VERDE");
INSERT INTO `Eleitor` (`id_eleitor`,`password`,`local_voto`) VALUES (201,"password","CABECEIRAS DE BASTO"),(202,"password","BARCELO"),(203,"password","CELORICO DE BASTO"),(204,"password","TERRAS DE BOURO"),(205,"password","ESPOSENDE"),(206,"password","ESPOSENDE"),(207,"password","BARCELO"),(208,"password","ESPOSENDE"),(209,"password","VIZELA"),(210,"password","GUIMARÂES");
INSERT INTO `Eleitor` (`id_eleitor`,`password`,`local_voto`) VALUES (211,"password","VIEIRA DO MINHO"),(212,"password","VILA NOVA DE FAMALICÂO"),(213,"password","GUIMARÂES"),(214,"password","VILA NOVA DE FAMALICÂO"),(215,"password","VIZELA"),(216,"password","TERRAS DE BOURO"),(217,"password","PÓVOA DE LANHOSO"),(218,"password","TERRAS DE BOURO"),(219,"password","BRAGA"),(220,"password","VILA NOVA DE FAMALICÂO");
INSERT INTO `Eleitor` (`id_eleitor`,`password`,`local_voto`) VALUES (221,"password","CELORICO DE BASTO"),(222,"password","VIZELA"),(223,"password","AMARES"),(224,"password","BRAGA"),(225,"password","CELORICO DE BASTO"),(226,"password","PÓVOA DE LANHOSO"),(227,"password","BARCELO"),(228,"password","ESPOSENDE"),(229,"password","TERRAS DE BOURO"),(230,"password","TERRAS DE BOURO");
INSERT INTO `Eleitor` (`id_eleitor`,`password`,`local_voto`) VALUES (231,"password","AMARES"),(232,"password","TERRAS DE BOURO"),(233,"password","CELORICO DE BASTO"),(234,"password","AMARES"),(235,"password","VILA VERDE"),(236,"password","TERRAS DE BOURO"),(237,"password","GUIMARÂES"),(238,"password","AMARES"),(239,"password","ESPOSENDE"),(240,"password","ESPOSENDE");
INSERT INTO `Eleitor` (`id_eleitor`,`password`,`local_voto`) VALUES (241,"password","TERRAS DE BOURO"),(242,"password","GUIMARÂES"),(243,"password","VIZELA"),(244,"password","VIZELA"),(245,"password","VILA NOVA DE FAMALICÂO"),(246,"password","BRAGA"),(247,"password","CABECEIRAS DE BASTO"),(248,"password","FAFE"),(249,"password","GUIMARÂES"),(250,"password","FAFE");
INSERT INTO `Eleitor` (`id_eleitor`,`password`,`local_voto`) VALUES (251,"password","FAFE"),(252,"password","AMARES"),(253,"password","CELORICO DE BASTO"),(254,"password","VILA VERDE"),(255,"password","CELORICO DE BASTO"),(256,"password","CABECEIRAS DE BASTO"),(257,"password","VIZELA"),(258,"password","VILA NOVA DE FAMALICÂO"),(259,"password","FAFE"),(260,"password","VILA VERDE");
INSERT INTO `Eleitor` (`id_eleitor`,`password`,`local_voto`) VALUES (261,"password","VILA VERDE"),(262,"password","VILA VERDE"),(263,"password","ESPOSENDE"),(264,"password","VILA VERDE"),(265,"password","CABECEIRAS DE BASTO"),(266,"password","CELORICO DE BASTO"),(267,"password","PÓVOA DE LANHOSO"),(268,"password","BRAGA"),(269,"password","ESPOSENDE"),(270,"password","GUIMARÂES");
INSERT INTO `Eleitor` (`id_eleitor`,`password`,`local_voto`) VALUES (271,"password","AMARES"),(272,"password","BRAGA"),(273,"password","VILA NOVA DE FAMALICÂO"),(274,"password","BARCELO"),(275,"password","BRAGA"),(276,"password","BARCELO"),(277,"password","VIZELA"),(278,"password","VIZELA"),(279,"password","CABECEIRAS DE BASTO"),(280,"password","VIEIRA DO MINHO");
INSERT INTO `Eleitor` (`id_eleitor`,`password`,`local_voto`) VALUES (281,"password","VIZELA"),(282,"password","AMARES"),(283,"password","TERRAS DE BOURO"),(284,"password","TERRAS DE BOURO"),(285,"password","CABECEIRAS DE BASTO"),(286,"password","VIZELA"),(287,"password","TERRAS DE BOURO"),(288,"password","VILA VERDE"),(289,"password","CELORICO DE BASTO"),(290,"password","ESPOSENDE");
INSERT INTO `Eleitor` (`id_eleitor`,`password`,`local_voto`) VALUES (291,"password","FAFE"),(292,"password","VILA VERDE"),(293,"password","FAFE"),(294,"password","VILA VERDE"),(295,"password","TERRAS DE BOURO"),(296,"password","PÓVOA DE LANHOSO"),(297,"password","CELORICO DE BASTO"),(298,"password","BRAGA"),(299,"password","VIZELA"),(300,"password","VILA NOVA DE FAMALICÂO");
INSERT INTO `Eleitor` (`id_eleitor`,`password`,`local_voto`) VALUES (301,"password","GUIMARÂES"),(302,"password","GUIMARÂES"),(303,"password","VILA NOVA DE FAMALICÂO"),(304,"password","AMARES"),(305,"password","VIEIRA DO MINHO"),(306,"password","VILA VERDE"),(307,"password","FAFE"),(308,"password","BARCELO"),(309,"password","AMARES"),(310,"password","VIZELA");
INSERT INTO `Eleitor` (`id_eleitor`,`password`,`local_voto`) VALUES (311,"password","AMARES"),(312,"password","VIEIRA DO MINHO"),(313,"password","BRAGA"),(314,"password","VILA VERDE"),(315,"password","VILA NOVA DE FAMALICÂO"),(316,"password","VILA NOVA DE FAMALICÂO"),(317,"password","TERRAS DE BOURO"),(318,"password","TERRAS DE BOURO"),(319,"password","BARCELO"),(320,"password","CABECEIRAS DE BASTO");
INSERT INTO `Eleitor` (`id_eleitor`,`password`,`local_voto`) VALUES (321,"password","VILA NOVA DE FAMALICÂO"),(322,"password","VIZELA"),(323,"password","ESPOSENDE"),(324,"password","VIEIRA DO MINHO"),(325,"password","VILA VERDE"),(326,"password","AMARES"),(327,"password","VILA NOVA DE FAMALICÂO"),(328,"password","VILA VERDE"),(329,"password","PÓVOA DE LANHOSO"),(330,"password","VILA NOVA DE FAMALICÂO");
INSERT INTO `Eleitor` (`id_eleitor`,`password`,`local_voto`) VALUES (331,"password","BARCELO"),(332,"password","VIEIRA DO MINHO"),(333,"password","GUIMARÂES"),(334,"password","CELORICO DE BASTO"),(335,"password","VIEIRA DO MINHO"),(336,"password","VIEIRA DO MINHO"),(337,"password","VILA NOVA DE FAMALICÂO"),(338,"password","PÓVOA DE LANHOSO"),(339,"password","ESPOSENDE"),(340,"password","CELORICO DE BASTO");
INSERT INTO `Eleitor` (`id_eleitor`,`password`,`local_voto`) VALUES (341,"password","VILA NOVA DE FAMALICÂO"),(342,"password","FAFE"),(343,"password","CELORICO DE BASTO"),(344,"password","CELORICO DE BASTO"),(345,"password","FAFE"),(346,"password","VIZELA"),(347,"password","FAFE"),(348,"password","CELORICO DE BASTO"),(349,"password","VILA VERDE"),(350,"password","PÓVOA DE LANHOSO");
INSERT INTO `Eleitor` (`id_eleitor`,`password`,`local_voto`) VALUES (351,"password","AMARES"),(352,"password","VILA VERDE"),(353,"password","TERRAS DE BOURO"),(354,"password","FAFE"),(355,"password","BRAGA"),(356,"password","VILA NOVA DE FAMALICÂO"),(357,"password","BRAGA"),(358,"password","VIEIRA DO MINHO"),(359,"password","PÓVOA DE LANHOSO"),(360,"password","BARCELO");
INSERT INTO `Eleitor` (`id_eleitor`,`password`,`local_voto`) VALUES (361,"password","GUIMARÂES"),(362,"password","BARCELO"),(363,"password","VILA NOVA DE FAMALICÂO"),(364,"password","PÓVOA DE LANHOSO"),(365,"password","BRAGA"),(366,"password","CELORICO DE BASTO"),(367,"password","CELORICO DE BASTO"),(368,"password","FAFE"),(369,"password","BARCELO"),(370,"password","ESPOSENDE");
INSERT INTO `Eleitor` (`id_eleitor`,`password`,`local_voto`) VALUES (371,"password","FAFE"),(372,"password","VIZELA"),(373,"password","VILA NOVA DE FAMALICÂO"),(374,"password","BRAGA"),(375,"password","AMARES"),(376,"password","VIZELA"),(377,"password","BARCELO"),(378,"password","CABECEIRAS DE BASTO"),(379,"password","TERRAS DE BOURO"),(380,"password","VILA NOVA DE FAMALICÂO");
INSERT INTO `Eleitor` (`id_eleitor`,`password`,`local_voto`) VALUES (381,"password","VILA NOVA DE FAMALICÂO"),(382,"password","BARCELO"),(383,"password","VILA NOVA DE FAMALICÂO"),(384,"password","VILA NOVA DE FAMALICÂO"),(385,"password","TERRAS DE BOURO"),(386,"password","VIZELA"),(387,"password","TERRAS DE BOURO"),(388,"password","CABECEIRAS DE BASTO"),(389,"password","TERRAS DE BOURO"),(390,"password","VILA VERDE");
INSERT INTO `Eleitor` (`id_eleitor`,`password`,`local_voto`) VALUES (391,"password","AMARES"),(392,"password","VIEIRA DO MINHO"),(393,"password","BRAGA"),(394,"password","BARCELO"),(395,"password","VILA NOVA DE FAMALICÂO"),(396,"password","CELORICO DE BASTO"),(397,"password","CABECEIRAS DE BASTO"),(398,"password","CELORICO DE BASTO"),(399,"password","FAFE"),(400,"password","FAFE");

-- Criaçao de dados de Utilizadores

INSERT INTO `Cidadao` (`cartao_cidadao`,`nome`,`data_nascimento`,`nacionalidade`,`eleitor_id`,`candidato`,`concelho`,`distrito`) VALUES ("45025696","Fuller S. Wright","1969-12-31","Portuguesa",1,0,"VILA NOVA DE FAMALICÂO","BRAGA"),("81441532","Wynne N. Flores","1969-12-31","Portuguesa",2,1,"VILA NOVA DE FAMALICÂO","BRAGA"),("88299010","Axel T. Rivera","1969-12-31","Portuguesa",3,0,"TERRAS DE BOURO","BRAGA"),("35983662","Jacob T. Kennedy","1969-12-31","Portuguesa",4,0,"VIZELA","BRAGA"),("40607566","Lane J. Hinton","1969-12-31","Portuguesa",5,0,"BARCELO","BRAGA"),("87648873","Emi J. Aguirre","1969-12-31","Portuguesa",6,0,"VILA NOVA DE FAMALICÂO","BRAGA"),("75345945","Haley E. Nixon","1969-12-31","Portuguesa",7,0,"CELORICO DE BASTO","BRAGA"),("88231186","Rooney S. Rasmussen","1969-12-31","Portuguesa",8,0,"VILA NOVA DE FAMALICÂO","BRAGA"),("31366495","Zeph G. Ray","1969-12-31","Portuguesa",9,0,"VILA NOVA DE FAMALICÂO","BRAGA"),("29543726","Hayes U. Crawford","1969-12-31","Portuguesa",10,0,"CELORICO DE BASTO","BRAGA");
INSERT INTO `Cidadao` (`cartao_cidadao`,`nome`,`data_nascimento`,`nacionalidade`,`eleitor_id`,`candidato`,`concelho`,`distrito`) VALUES ("31295888","Anika V. Scott","1969-12-31","Portuguesa",11,0,"ESPOSENDE","BRAGA"),("72616479","Anthony E. Mack","1969-12-31","Portuguesa",12,1,"AMARES","BRAGA"),("00555161","Tucker M. Terry","1969-12-31","Portuguesa",13,0,"BARCELO","BRAGA"),("95800046","Len G. Vega","1969-12-31","Portuguesa",14,0,"VILA VERDE","BRAGA"),("76764732","Odysseus A. Sargent","1969-12-31","Portuguesa",15,0,"TERRAS DE BOURO","BRAGA"),("78982502","Phillip R. Blackwell","1969-12-31","Portuguesa",16,0,"VILA VERDE","BRAGA"),("14361361","Ryan L. Taylor","1969-12-31","Portuguesa",17,0,"BARCELO","BRAGA"),("19828593","Jael A. Waller","1969-12-31","Portuguesa",18,0,"VIEIRA DO MINHO","BRAGA"),("87021131","Martin X. Hoover","1969-12-31","Portuguesa",19,0,"GUIMARÂES","BRAGA"),("38463495","Moana H. Young","1969-12-31","Portuguesa",20,0,"BARCELO","BRAGA");
INSERT INTO `Cidadao` (`cartao_cidadao`,`nome`,`data_nascimento`,`nacionalidade`,`eleitor_id`,`candidato`,`concelho`,`distrito`) VALUES ("00727862","Raymond M. Wade","1969-12-31","Portuguesa",21,0,"BRAGA","BRAGA"),("12998584","Ali U. Carney","1969-12-31","Portuguesa",22,1,"VILA VERDE","BRAGA"),("77175421","Isabella P. Bradford","1969-12-31","Portuguesa",23,0,"TERRAS DE BOURO","BRAGA"),("39969057","Ali F. Montoya","1969-12-31","Portuguesa",24,0,"FAFE","BRAGA"),("23148110","Wallace R. Rush","1969-12-31","Portuguesa",25,0,"CABECEIRAS DE BASTO","BRAGA"),("65550934","Michelle L. Stokes","1969-12-31","Portuguesa",26,0,"CELORICO DE BASTO","BRAGA"),("26484038","Macy T. Salas","1969-12-31","Portuguesa",27,0,"TERRAS DE BOURO","BRAGA"),("88161295","Martha I. Copeland","1969-12-31","Portuguesa",28,0,"AMARES","BRAGA"),("95682344","Courtney E. Cooke","1969-12-31","Portuguesa",29,0,"VILA NOVA DE FAMALICÂO","BRAGA"),("42529877","Driscoll C. Raymond","1969-12-31","Portuguesa",30,0,"VILA VERDE","BRAGA");
INSERT INTO `Cidadao` (`cartao_cidadao`,`nome`,`data_nascimento`,`nacionalidade`,`eleitor_id`,`candidato`,`concelho`,`distrito`) VALUES ("66885804","Aileen D. Tillman","1969-12-31","Portuguesa",31,0,"VILA NOVA DE FAMALICÂO","BRAGA"),("44159719","Florence E. Smith","1969-12-31","Portuguesa",32,1,"VIZELA","BRAGA"),("28070494","Georgia R. Potter","1969-12-31","Portuguesa",33,0,"BARCELO","BRAGA"),("08520986","Shea W. Britt","1969-12-31","Portuguesa",34,0,"GUIMARÂES","BRAGA"),("83015963","Barrett S. Dennis","1969-12-31","Portuguesa",35,0,"PÓVOA DE LANHOSO","BRAGA"),("63708163","Stephen W. Flores","1969-12-31","Portuguesa",36,0,"TERRAS DE BOURO","BRAGA"),("98357254","Jerry Z. Irwin","1969-12-31","Portuguesa",37,0,"ESPOSENDE","BRAGA"),("81605832","Hasad M. Vaughan","1969-12-31","Portuguesa",38,0,"BRAGA","BRAGA"),("75930860","Raya K. Hartman","1969-12-31","Portuguesa",39,0,"TERRAS DE BOURO","BRAGA"),("32624036","Martena F. Hatfield","1969-12-31","Portuguesa",40,0,"CABECEIRAS DE BASTO","BRAGA");
INSERT INTO `Cidadao` (`cartao_cidadao`,`nome`,`data_nascimento`,`nacionalidade`,`eleitor_id`,`candidato`,`concelho`,`distrito`) VALUES ("66884150","Jonah M. Montgomery","1969-12-31","Portuguesa",41,0,"CELORICO DE BASTO","BRAGA"),("28119166","Dahlia C. Pennington","1969-12-31","Portuguesa",42,1,"AMARES","BRAGA"),("70195344","Shea H. Randolph","1969-12-31","Portuguesa",43,0,"ESPOSENDE","BRAGA"),("13494384","Anika L. Mcneil","1969-12-31","Portuguesa",44,0,"VILA NOVA DE FAMALICÂO","BRAGA"),("13150445","Aaron Q. Carpenter","1969-12-31","Portuguesa",45,0,"TERRAS DE BOURO","BRAGA"),("84584423","Kessie N. Peterson","1969-12-31","Portuguesa",46,0,"CABECEIRAS DE BASTO","BRAGA"),("32269479","Emma B. Deleon","1969-12-31","Portuguesa",47,0,"AMARES","BRAGA"),("12947193","Baxter E. Stanton","1969-12-31","Portuguesa",48,0,"BRAGA","BRAGA"),("14759283","Philip I. Leach","1969-12-31","Portuguesa",49,0,"ESPOSENDE","BRAGA"),("09474391","Sloane V. Odom","1969-12-31","Portuguesa",50,0,"VILA NOVA DE FAMALICÂO","BRAGA");
INSERT INTO `Cidadao` (`cartao_cidadao`,`nome`,`data_nascimento`,`nacionalidade`,`eleitor_id`,`candidato`,`concelho`,`distrito`) VALUES ("17539700","Serina A. Gillespie","1969-12-31","Portuguesa",51,0,"VIEIRA DO MINHO","BRAGA"),("13535194","Axel M. Bradford","1969-12-31","Portuguesa",52,1,"CELORICO DE BASTO","BRAGA"),("97430449","Larissa L. Monroe","1969-12-31","Portuguesa",53,0,"CELORICO DE BASTO","BRAGA"),("09462132","Alika D. Simmons","1969-12-31","Portuguesa",54,0,"FAFE","BRAGA"),("44199897","Zeus H. Saunders","1969-12-31","Portuguesa",55,0,"BARCELO","BRAGA"),("02065405","Anjolie I. Chang","1969-12-31","Portuguesa",56,0,"VILA VERDE","BRAGA"),("14854138","Tatum O. Mcclure","1969-12-31","Portuguesa",57,0,"VIZELA","BRAGA"),("95394360","Amanda M. Sharp","1969-12-31","Portuguesa",58,0,"CABECEIRAS DE BASTO","BRAGA"),("68426927","Illana R. Mooney","1969-12-31","Portuguesa",59,0,"FAFE","BRAGA"),("72328080","Abraham W. Munoz","1969-12-31","Portuguesa",60,0,"VIEIRA DO MINHO","BRAGA");
INSERT INTO `Cidadao` (`cartao_cidadao`,`nome`,`data_nascimento`,`nacionalidade`,`eleitor_id`,`candidato`,`concelho`,`distrito`) VALUES ("72335597","Karly L. Gardner","1969-12-31","Portuguesa",61,0,"TERRAS DE BOURO","BRAGA"),("65245209","Darius V. Zamora","1969-12-31","Portuguesa",62,1,"AMARES","BRAGA"),("74760971","Hilel U. Mack","1969-12-31","Portuguesa",63,0,"ESPOSENDE","BRAGA"),("72444130","Ulla F. Williamson","1969-12-31","Portuguesa",64,0,"VIEIRA DO MINHO","BRAGA"),("21861008","Emerald Z. Sanders","1969-12-31","Portuguesa",65,0,"BARCELO","BRAGA"),("68781637","Stacey B. Woodard","1969-12-31","Portuguesa",66,0,"CELORICO DE BASTO","BRAGA"),("53572978","Ross W. Campbell","1969-12-31","Portuguesa",67,0,"VILA NOVA DE FAMALICÂO","BRAGA"),("30991623","Rafael R. Summers","1969-12-31","Portuguesa",68,0,"CABECEIRAS DE BASTO","BRAGA"),("37432582","Juliet Z. Whitney","1969-12-31","Portuguesa",69,0,"ESPOSENDE","BRAGA"),("84102335","Amos A. Hunter","1969-12-31","Portuguesa",70,0,"ESPOSENDE","BRAGA");
INSERT INTO `Cidadao` (`cartao_cidadao`,`nome`,`data_nascimento`,`nacionalidade`,`eleitor_id`,`candidato`,`concelho`,`distrito`) VALUES ("65491254","Caldwell W. Oneill","1969-12-31","Portuguesa",71,0,"ESPOSENDE","BRAGA"),("31631609","Linus T. Mcintosh","1969-12-31","Portuguesa",72,1,"VILA VERDE","BRAGA"),("78396427","Giacomo U. Stanley","1969-12-31","Portuguesa",73,0,"FAFE","BRAGA"),("44871964","Kelly L. Chan","1969-12-31","Portuguesa",74,0,"VILA VERDE","BRAGA"),("13715319","Stewart V. Callahan","1969-12-31","Portuguesa",75,0,"AMARES","BRAGA"),("29111129","Latifah C. Frazier","1969-12-31","Portuguesa",76,0,"BRAGA","BRAGA"),("44345795","Hoyt O. Velazquez","1969-12-31","Portuguesa",77,0,"VIZELA","BRAGA"),("05304672","Xander N. Barr","1969-12-31","Portuguesa",78,0,"CELORICO DE BASTO","BRAGA"),("81742467","Walker X. Rosales","1969-12-31","Portuguesa",79,0,"CELORICO DE BASTO","BRAGA"),("83767497","Rylee W. Watson","1969-12-31","Portuguesa",80,0,"VIEIRA DO MINHO","BRAGA");
INSERT INTO `Cidadao` (`cartao_cidadao`,`nome`,`data_nascimento`,`nacionalidade`,`eleitor_id`,`candidato`,`concelho`,`distrito`) VALUES ("66785279","Haley Q. Rodgers","1969-12-31","Portuguesa",81,0,"CABECEIRAS DE BASTO","BRAGA"),("62078449","Emmanuel R. Dyer","1969-12-31","Portuguesa",82,1,"VIZELA","BRAGA"),("03135510","Carter Q. Ashley","1969-12-31","Portuguesa",83,0,"GUIMARÂES","BRAGA"),("88687415","Orla D. Washington","1969-12-31","Portuguesa",84,0,"BRAGA","BRAGA"),("15460276","Adam W. Kennedy","1969-12-31","Portuguesa",85,0,"AMARES","BRAGA"),("93776093","Maxine W. Kerr","1969-12-31","Portuguesa",86,0,"FAFE","BRAGA"),("10422561","Suki X. Benjamin","1969-12-31","Portuguesa",87,0,"CABECEIRAS DE BASTO","BRAGA"),("16359113","Ramona C. Stevens","1969-12-31","Portuguesa",88,0,"CABECEIRAS DE BASTO","BRAGA"),("79521986","Kareem A. Matthews","1969-12-31","Portuguesa",89,0,"ESPOSENDE","BRAGA"),("45841778","Quintessa J. Mclean","1969-12-31","Portuguesa",90,0,"CABECEIRAS DE BASTO","BRAGA");
INSERT INTO `Cidadao` (`cartao_cidadao`,`nome`,`data_nascimento`,`nacionalidade`,`eleitor_id`,`candidato`,`concelho`,`distrito`) VALUES ("59167545","Raphael T. Neal","1969-12-31","Portuguesa",91,0,"VIEIRA DO MINHO","BRAGA"),("94603760","Daquan H. Faulkner","1969-12-31","Portuguesa",92,1,"AMARES","BRAGA"),("68818668","Abigail S. Atkins","1969-12-31","Portuguesa",93,0,"BRAGA","BRAGA"),("98343205","Cullen G. Byers","1969-12-31","Portuguesa",94,0,"CELORICO DE BASTO","BRAGA"),("02606097","Claudia P. Dejesus","1969-12-31","Portuguesa",95,0,"BRAGA","BRAGA"),("91640927","Allistair Y. Bates","1969-12-31","Portuguesa",96,0,"FAFE","BRAGA"),("38313752","Jacob Y. Langley","1969-12-31","Portuguesa",97,0,"GUIMARÂES","BRAGA"),("20874012","Rowan N. Dejesus","1969-12-31","Portuguesa",98,0,"BARCELO","BRAGA"),("81354118","Lenore X. Morrow","1969-12-31","Portuguesa",99,0,"PÓVOA DE LANHOSO","BRAGA"),("13112616","Nicole D. Frank","1969-12-31","Portuguesa",100,0,"ESPOSENDE","BRAGA");
INSERT INTO `Cidadao` (`cartao_cidadao`,`nome`,`data_nascimento`,`nacionalidade`,`eleitor_id`,`candidato`,`concelho`,`distrito`) VALUES ("81685294","Teagan V. Rodriquez","1969-12-31","Portuguesa",101,0,"CABECEIRAS DE BASTO","BRAGA"),("68696713","Fitzgerald C. Ashley","1969-12-31","Portuguesa",102,1,"VIEIRA DO MINHO","BRAGA"),("56575583","Ria K. Garner","1969-12-31","Portuguesa",103,0,"VIZELA","BRAGA"),("33363807","Sara T. Rocha","1969-12-31","Portuguesa",104,0,"BARCELO","BRAGA"),("71537715","Steel W. Johnston","1969-12-31","Portuguesa",105,0,"VIEIRA DO MINHO","BRAGA"),("95851926","Brandon J. Collier","1969-12-31","Portuguesa",106,0,"VIZELA","BRAGA"),("29243559","Marsden E. Blake","1969-12-31","Portuguesa",107,0,"BRAGA","BRAGA"),("12776397","Britanney S. Sykes","1969-12-31","Portuguesa",108,0,"VIZELA","BRAGA"),("47598541","Jemima U. Logan","1969-12-31","Portuguesa",109,0,"CELORICO DE BASTO","BRAGA"),("39153715","Dawn S. Hyde","1969-12-31","Portuguesa",110,0,"ESPOSENDE","BRAGA");
INSERT INTO `Cidadao` (`cartao_cidadao`,`nome`,`data_nascimento`,`nacionalidade`,`eleitor_id`,`candidato`,`concelho`,`distrito`) VALUES ("95388938","Clinton B. Medina","1969-12-31","Portuguesa",111,0,"GUIMARÂES","BRAGA"),("02018281","September B. Flynn","1969-12-31","Portuguesa",112,1,"CELORICO DE BASTO","BRAGA"),("78780257","Cullen X. Sexton","1969-12-31","Portuguesa",113,0,"FAFE","BRAGA"),("39444107","Bethany U. Stein","1969-12-31","Portuguesa",114,0,"BRAGA","BRAGA"),("89007774","Camilla V. Black","1969-12-31","Portuguesa",115,0,"PÓVOA DE LANHOSO","BRAGA"),("15495000","Amos T. Silva","1969-12-31","Portuguesa",116,0,"VILA NOVA DE FAMALICÂO","BRAGA"),("59514503","Sharon G. Goodman","1969-12-31","Portuguesa",117,0,"CABECEIRAS DE BASTO","BRAGA"),("47777246","Ava K. Sharpe","1969-12-31","Portuguesa",118,0,"ESPOSENDE","BRAGA"),("04540143","Mechelle K. Copeland","1969-12-31","Portuguesa",119,0,"AMARES","BRAGA"),("41858353","Thor L. Gould","1969-12-31","Portuguesa",120,0,"VILA VERDE","BRAGA");
INSERT INTO `Cidadao` (`cartao_cidadao`,`nome`,`data_nascimento`,`nacionalidade`,`eleitor_id`,`candidato`,`concelho`,`distrito`) VALUES ("20771894","Yoshi V. Jackson","1969-12-31","Portuguesa",121,0,"BRAGA","BRAGA"),("20897746","Scott P. Ballard","1969-12-31","Portuguesa",122,1,"BARCELO","BRAGA"),("58213303","Amaya T. Fernandez","1969-12-31","Portuguesa",123,0,"GUIMARÂES","BRAGA"),("02660095","Echo M. Moore","1969-12-31","Portuguesa",124,0,"GUIMARÂES","BRAGA"),("13079093","Scott Y. Alston","1969-12-31","Portuguesa",125,0,"VILA NOVA DE FAMALICÂO","BRAGA"),("90581061","Callum Z. Burch","1969-12-31","Portuguesa",126,0,"VILA VERDE","BRAGA"),("28438088","Farrah W. Freeman","1969-12-31","Portuguesa",127,0,"VIEIRA DO MINHO","BRAGA"),("69764035","Remedios T. Rasmussen","1969-12-31","Portuguesa",128,0,"BRAGA","BRAGA"),("20253622","Rhiannon A. Hays","1969-12-31","Portuguesa",129,0,"AMARES","BRAGA"),("47489056","Liberty E. Tyler","1969-12-31","Portuguesa",130,0,"VILA NOVA DE FAMALICÂO","BRAGA");
INSERT INTO `Cidadao` (`cartao_cidadao`,`nome`,`data_nascimento`,`nacionalidade`,`eleitor_id`,`candidato`,`concelho`,`distrito`) VALUES ("45259192","Jordan N. Durham","1969-12-31","Portuguesa",131,0,"PÓVOA DE LANHOSO","BRAGA"),("85088758","Kristen T. Pena","1969-12-31","Portuguesa",132,1,"TERRAS DE BOURO","BRAGA"),("17210551","Lucas N. Blake","1969-12-31","Portuguesa",133,0,"ESPOSENDE","BRAGA"),("01813865","Macaulay D. Newton","1969-12-31","Portuguesa",134,0,"PÓVOA DE LANHOSO","BRAGA"),("20631081","Andrew T. Caldwell","1969-12-31","Portuguesa",135,0,"CABECEIRAS DE BASTO","BRAGA"),("69496064","Aiko W. Mckay","1969-12-31","Portuguesa",136,0,"BRAGA","BRAGA"),("98653790","Ocean X. Branch","1969-12-31","Portuguesa",137,0,"VILA VERDE","BRAGA"),("52321352","Kathleen U. Aguilar","1969-12-31","Portuguesa",138,0,"FAFE","BRAGA"),("78851511","Iola F. Wilkerson","1969-12-31","Portuguesa",139,0,"CABECEIRAS DE BASTO","BRAGA"),("91293909","Montana X. Stewart","1969-12-31","Portuguesa",140,0,"CELORICO DE BASTO","BRAGA");
INSERT INTO `Cidadao` (`cartao_cidadao`,`nome`,`data_nascimento`,`nacionalidade`,`eleitor_id`,`candidato`,`concelho`,`distrito`) VALUES ("39600917","Amy A. Chambers","1969-12-31","Portuguesa",141,0,"VIEIRA DO MINHO","BRAGA"),("04799665","Tatiana A. Goodman","1969-12-31","Portuguesa",142,1,"GUIMARÂES","BRAGA"),("94631983","Zelenia Q. Cobb","1969-12-31","Portuguesa",143,0,"VIZELA","BRAGA"),("94273882","Cathleen J. Macdonald","1969-12-31","Portuguesa",144,0,"CELORICO DE BASTO","BRAGA"),("68165031","Burke K. Cunningham","1969-12-31","Portuguesa",145,0,"ESPOSENDE","BRAGA"),("20153623","Dakota K. Watson","1969-12-31","Portuguesa",146,0,"AMARES","BRAGA"),("15928517","Logan N. Ruiz","1969-12-31","Portuguesa",147,0,"VILA VERDE","BRAGA"),("99438820","Wang X. Randolph","1969-12-31","Portuguesa",148,0,"VIZELA","BRAGA"),("30938619","Zenaida Q. Roach","1969-12-31","Portuguesa",149,0,"VILA NOVA DE FAMALICÂO","BRAGA"),("77988071","Hayes W. Lopez","1969-12-31","Portuguesa",150,0,"AMARES","BRAGA");
INSERT INTO `Cidadao` (`cartao_cidadao`,`nome`,`data_nascimento`,`nacionalidade`,`eleitor_id`,`candidato`,`concelho`,`distrito`) VALUES ("86230493","Rashad G. Reid","1969-12-31","Portuguesa",151,0,"FAFE","BRAGA"),("82409758","Wendy K. Marshall","1969-12-31","Portuguesa",152,1,"VILA VERDE","BRAGA"),("05803945","September N. Duran","1969-12-31","Portuguesa",153,0,"VIZELA","BRAGA"),("84020255","TaShya H. Farley","1969-12-31","Portuguesa",154,0,"FAFE","BRAGA"),("28971816","Jesse B. Valentine","1969-12-31","Portuguesa",155,0,"VILA VERDE","BRAGA"),("21170673","Amos W. Mayo","1969-12-31","Portuguesa",156,0,"CABECEIRAS DE BASTO","BRAGA"),("98029903","Kirestin L. Dean","1969-12-31","Portuguesa",157,0,"BARCELO","BRAGA"),("44552778","Gretchen K. Reynolds","1969-12-31","Portuguesa",158,0,"ESPOSENDE","BRAGA"),("72114287","India U. Dennis","1969-12-31","Portuguesa",159,0,"CABECEIRAS DE BASTO","BRAGA"),("06057998","Daryl W. Hyde","1969-12-31","Portuguesa",160,0,"CELORICO DE BASTO","BRAGA");
INSERT INTO `Cidadao` (`cartao_cidadao`,`nome`,`data_nascimento`,`nacionalidade`,`eleitor_id`,`candidato`,`concelho`,`distrito`) VALUES ("89847691","Xandra A. Salas","1969-12-31","Portuguesa",161,0,"FAFE","BRAGA"),("61739778","Chancellor M. Ramos","1969-12-31","Portuguesa",162,1,"PÓVOA DE LANHOSO","BRAGA"),("45010779","Lane V. Sellers","1969-12-31","Portuguesa",163,0,"CABECEIRAS DE BASTO","BRAGA"),("04056479","Tanner G. Ingram","1969-12-31","Portuguesa",164,0,"BARCELO","BRAGA"),("85797631","Sandra S. Elliott","1969-12-31","Portuguesa",165,0,"CABECEIRAS DE BASTO","BRAGA"),("57424967","Tatum F. Murray","1969-12-31","Portuguesa",166,0,"VILA NOVA DE FAMALICÂO","BRAGA"),("82297517","Raphael H. Rutledge","1969-12-31","Portuguesa",167,0,"AMARES","BRAGA"),("39567168","Quemby T. Young","1969-12-31","Portuguesa",168,0,"VILA VERDE","BRAGA"),("53450435","Troy H. Kaufman","1969-12-31","Portuguesa",169,0,"VIEIRA DO MINHO","BRAGA"),("54285820","Marshall Z. Chambers","1969-12-31","Portuguesa",170,0,"BRAGA","BRAGA");
INSERT INTO `Cidadao` (`cartao_cidadao`,`nome`,`data_nascimento`,`nacionalidade`,`eleitor_id`,`candidato`,`concelho`,`distrito`) VALUES ("93769156","Lila E. Berg","1969-12-31","Portuguesa",171,0,"CELORICO DE BASTO","BRAGA"),("21641104","Blake R. Meadows","1969-12-31","Portuguesa",172,1,"FAFE","BRAGA"),("24733219","Tatyana K. Livingston","1969-12-31","Portuguesa",173,0,"AMARES","BRAGA"),("20918659","Marshall D. Downs","1969-12-31","Portuguesa",174,0,"CELORICO DE BASTO","BRAGA"),("96185173","Nyssa P. Hall","1969-12-31","Portuguesa",175,0,"VILA NOVA DE FAMALICÂO","BRAGA"),("36378798","Maite K. Bell","1969-12-31","Portuguesa",176,0,"PÓVOA DE LANHOSO","BRAGA"),("63751590","Cailin G. Emerson","1969-12-31","Portuguesa",177,0,"ESPOSENDE","BRAGA"),("00317374","Kevin U. Gallegos","1969-12-31","Portuguesa",178,0,"VIEIRA DO MINHO","BRAGA"),("34016892","Kirk T. Henry","1969-12-31","Portuguesa",179,0,"FAFE","BRAGA"),("83504775","Jacob C. Carpenter","1969-12-31","Portuguesa",180,0,"GUIMARÂES","BRAGA");
INSERT INTO `Cidadao` (`cartao_cidadao`,`nome`,`data_nascimento`,`nacionalidade`,`eleitor_id`,`candidato`,`concelho`,`distrito`) VALUES ("51719823","Yvette X. Blackburn","1969-12-31","Portuguesa",181,0,"ESPOSENDE","BRAGA"),("41537137","Leandra D. Robbins","1969-12-31","Portuguesa",182,1,"GUIMARÂES","BRAGA"),("82401133","Cairo R. Galloway","1969-12-31","Portuguesa",183,0,"BRAGA","BRAGA"),("76459606","Shannon U. Bruce","1969-12-31","Portuguesa",184,0,"BARCELO","BRAGA"),("33273001","Fiona R. Nichols","1969-12-31","Portuguesa",185,0,"VIEIRA DO MINHO","BRAGA"),("28200446","Dora Q. Hyde","1969-12-31","Portuguesa",186,0,"TERRAS DE BOURO","BRAGA"),("30343738","Barrett Z. Osborne","1969-12-31","Portuguesa",187,0,"CELORICO DE BASTO","BRAGA"),("22469059","Noelle M. Tillman","1969-12-31","Portuguesa",188,0,"GUIMARÂES","BRAGA"),("91452872","Tiger P. Pena","1969-12-31","Portuguesa",189,0,"VIZELA","BRAGA"),("83571076","Benedict P. Blankenship","1969-12-31","Portuguesa",190,0,"CABECEIRAS DE BASTO","BRAGA");
INSERT INTO `Cidadao` (`cartao_cidadao`,`nome`,`data_nascimento`,`nacionalidade`,`eleitor_id`,`candidato`,`concelho`,`distrito`) VALUES ("45681344","Keaton Z. Medina","1969-12-31","Portuguesa",191,0,"VIZELA","BRAGA"),("60548550","Adrienne C. Daniels","1969-12-31","Portuguesa",192,1,"CELORICO DE BASTO","BRAGA"),("75193395","Alfonso U. Noel","1969-12-31","Portuguesa",193,0,"CELORICO DE BASTO","BRAGA"),("27662726","Imani V. Wilkins","1969-12-31","Portuguesa",194,0,"BRAGA","BRAGA"),("95226449","Larissa V. Walsh","1969-12-31","Portuguesa",195,0,"BARCELO","BRAGA"),("66000203","Cassandra H. Cochran","1969-12-31","Portuguesa",196,0,"VILA VERDE","BRAGA"),("52848469","Delilah Q. Acevedo","1969-12-31","Portuguesa",197,0,"PÓVOA DE LANHOSO","BRAGA"),("45484193","Aubrey Q. Hardy","1969-12-31","Portuguesa",198,0,"AMARES","BRAGA"),("26770607","Gabriel O. Dunlap","1969-12-31","Portuguesa",199,0,"AMARES","BRAGA"),("44710292","Ferris J. Glass","1969-12-31","Portuguesa",200,0,"CELORICO DE BASTO","BRAGA");
INSERT INTO `Cidadao` (`cartao_cidadao`,`nome`,`data_nascimento`,`nacionalidade`,`eleitor_id`,`candidato`,`concelho`,`distrito`) VALUES ("43002347","Shay B. Kirk","1969-12-31","Portuguesa",201,0,"VIZELA","BRAGA"),("63496694","Guinevere S. Padilla","1969-12-31","Portuguesa",202,1,"GUIMARÂES","BRAGA"),("75417411","Talon H. Stanton","1969-12-31","Portuguesa",203,1,"FAFE","BRAGA"),("76141682","Marvin T. Delaney","1969-12-31","Portuguesa",204,0,"CABECEIRAS DE BASTO","BRAGA"),("88325723","Zoe M. Carpenter","1969-12-31","Portuguesa",205,0,"VILA NOVA DE FAMALICÂO","BRAGA"),("15757655","Merritt T. Buckley","1969-12-31","Portuguesa",206,0,"ESPOSENDE","BRAGA"),("67719101","Oren C. Chen","1969-12-31","Portuguesa",207,0,"ESPOSENDE","BRAGA"),("16542778","Ezekiel M. Sweeney","1969-12-31","Portuguesa",208,0,"VIEIRA DO MINHO","BRAGA"),("16637144","Alea O. Donovan","1969-12-31","Portuguesa",209,0,"TERRAS DE BOURO","BRAGA"),("96378620","Cora S. Barber","1969-12-31","Portuguesa",210,0,"GUIMARÂES","BRAGA");
INSERT INTO `Cidadao` (`cartao_cidadao`,`nome`,`data_nascimento`,`nacionalidade`,`eleitor_id`,`candidato`,`concelho`,`distrito`) VALUES ("44923927","Clayton Z. Langley","1969-12-31","Portuguesa",211,0,"ESPOSENDE","BRAGA"),("71806067","Eugenia T. Harvey","1969-12-31","Portuguesa",212,1,"VIEIRA DO MINHO","BRAGA"),("34924333","Tanisha E. Kerr","1969-12-31","Portuguesa",213,1,"GUIMARÂES","BRAGA"),("09649525","Fatima H. Raymond","1969-12-31","Portuguesa",214,0,"AMARES","BRAGA"),("46497797","Moana H. Beck","1969-12-31","Portuguesa",215,0,"CABECEIRAS DE BASTO","BRAGA"),("68707480","Imani C. Holland","1969-12-31","Portuguesa",216,0,"VIEIRA DO MINHO","BRAGA"),("16416911","James A. Lopez","1969-12-31","Portuguesa",217,0,"CABECEIRAS DE BASTO","BRAGA"),("42151975","Sybill F. Kerr","1969-12-31","Portuguesa",218,0,"PÓVOA DE LANHOSO","BRAGA"),("07710808","Kasper F. Rosa","1969-12-31","Portuguesa",219,0,"BARCELO","BRAGA"),("95061910","Maile Y. Hogan","1969-12-31","Portuguesa",220,0,"BARCELO","BRAGA");
INSERT INTO `Cidadao` (`cartao_cidadao`,`nome`,`data_nascimento`,`nacionalidade`,`eleitor_id`,`candidato`,`concelho`,`distrito`) VALUES ("93629870","Nerea P. Holder","1969-12-31","Portuguesa",221,0,"BARCELO","BRAGA"),("17675154","Bevis H. Stafford","1969-12-31","Portuguesa",222,1,"TERRAS DE BOURO","BRAGA"),("86693203","Buckminster E. Hensley","1969-12-31","Portuguesa",223,1,"VIZELA","BRAGA"),("27372560","Glenna X. Langley","1969-12-31","Portuguesa",224,0,"GUIMARÂES","BRAGA"),("77042474","Raja F. Daugherty","1969-12-31","Portuguesa",225,0,"GUIMARÂES","BRAGA"),("87102773","Daquan X. Stanley","1969-12-31","Portuguesa",226,0,"FAFE","BRAGA"),("55248485","Martha N. Briggs","1969-12-31","Portuguesa",227,0,"VILA VERDE","BRAGA"),("31452482","Quinn T. Bowers","1969-12-31","Portuguesa",228,0,"VIZELA","BRAGA"),("64042702","Lani Y. Rasmussen","1969-12-31","Portuguesa",229,0,"PÓVOA DE LANHOSO","BRAGA"),("78652184","Veronica T. Yates","1969-12-31","Portuguesa",230,0,"PÓVOA DE LANHOSO","BRAGA");
INSERT INTO `Cidadao` (`cartao_cidadao`,`nome`,`data_nascimento`,`nacionalidade`,`eleitor_id`,`candidato`,`concelho`,`distrito`) VALUES ("94523967","Gray A. Espinoza","1969-12-31","Portuguesa",231,0,"BRAGA","BRAGA"),("41487450","Chandler U. Dawson","1969-12-31","Portuguesa",232,1,"BARCELO","BRAGA"),("41123183","Quon C. Duncan","1969-12-31","Portuguesa",233,0,"GUIMARÂES","BRAGA"),("57848081","Janna M. Gill","1969-12-31","Portuguesa",234,0,"ESPOSENDE","BRAGA"),("31679994","Julie D. Rogers","1969-12-31","Portuguesa",235,0,"VILA NOVA DE FAMALICÂO","BRAGA"),("98147666","Cheyenne G. Montgomery","1969-12-31","Portuguesa",236,0,"VILA NOVA DE FAMALICÂO","BRAGA"),("45752694","Hakeem J. Pugh","1969-12-31","Portuguesa",237,0,"GUIMARÂES","BRAGA"),("39252529","Savannah E. Griffith","1969-12-31","Portuguesa",238,0,"TERRAS DE BOURO","BRAGA"),("41678150","Lael N. Howe","1969-12-31","Portuguesa",239,0,"TERRAS DE BOURO","BRAGA"),("72080671","Whitney N. Owen","1969-12-31","Portuguesa",240,0,"BRAGA","BRAGA");
INSERT INTO `Cidadao` (`cartao_cidadao`,`nome`,`data_nascimento`,`nacionalidade`,`eleitor_id`,`candidato`,`concelho`,`distrito`) VALUES ("99157931","Emery Z. Waters","1969-12-31","Portuguesa",241,0,"CABECEIRAS DE BASTO","BRAGA"),("78157898","Phelan N. Valentine","1969-12-31","Portuguesa",242,1,"BARCELO","BRAGA"),("08801251","Seth F. Vaughan","1969-12-31","Portuguesa",243,0,"GUIMARÂES","BRAGA"),("66186151","Berk U. Holder","1969-12-31","Portuguesa",244,0,"CABECEIRAS DE BASTO","BRAGA"),("15363425","Leilani O. Simpson","1969-12-31","Portuguesa",245,0,"VILA VERDE","BRAGA"),("33268832","Rachel H. Mathis","1969-12-31","Portuguesa",246,0,"AMARES","BRAGA"),("14092211","Kerry J. Gonzales","1969-12-31","Portuguesa",247,0,"FAFE","BRAGA"),("25304386","Gisela G. Mejia","1969-12-31","Portuguesa",248,0,"VIEIRA DO MINHO","BRAGA"),("00632735","Isaiah V. Freeman","1969-12-31","Portuguesa",249,0,"VILA VERDE","BRAGA"),("74939542","Claudia W. Chavez","1969-12-31","Portuguesa",250,0,"PÓVOA DE LANHOSO","BRAGA");
INSERT INTO `Cidadao` (`cartao_cidadao`,`nome`,`data_nascimento`,`nacionalidade`,`eleitor_id`,`candidato`,`concelho`,`distrito`) VALUES ("87856738","Kelly Z. Ratliff","1969-12-31","Portuguesa",251,0,"FAFE","BRAGA"),("17552403","Odysseus K. Rollins","1969-12-31","Portuguesa",252,1,"ESPOSENDE","BRAGA"),("30168933","Amy D. Bentley","1969-12-31","Portuguesa",253,0,"VIEIRA DO MINHO","BRAGA"),("88977362","Zena N. Clements","1969-12-31","Portuguesa",254,0,"AMARES","BRAGA"),("23100832","Kirk S. Tran","1969-12-31","Portuguesa",255,0,"BARCELO","BRAGA"),("97271819","Ella T. Barnes","1969-12-31","Portuguesa",256,0,"TERRAS DE BOURO","BRAGA"),("73335070","Brent D. Cote","1969-12-31","Portuguesa",257,0,"ESPOSENDE","BRAGA"),("80126820","Briar P. Harding","1969-12-31","Portuguesa",258,0,"VILA VERDE","BRAGA"),("19442067","Chandler R. May","1969-12-31","Portuguesa",259,0,"VILA VERDE","BRAGA"),("34021605","Amber G. Pate","1969-12-31","Portuguesa",260,0,"ESPOSENDE","BRAGA");
INSERT INTO `Cidadao` (`cartao_cidadao`,`nome`,`data_nascimento`,`nacionalidade`,`eleitor_id`,`candidato`,`concelho`,`distrito`) VALUES ("97730767","Beck R. Hubbard","1969-12-31","Portuguesa",261,0,"CELORICO DE BASTO","BRAGA"),("20486949","Raya X. Byrd","1969-12-31","Portuguesa",262,1,"CELORICO DE BASTO","BRAGA"),("65014347","Dorothy Z. Neal","1969-12-31","Portuguesa",263,0,"ESPOSENDE","BRAGA"),("87956444","Raven G. Hensley","1969-12-31","Portuguesa",264,0,"PÓVOA DE LANHOSO","BRAGA"),("04153983","Rosalyn F. Bell","1969-12-31","Portuguesa",265,0,"VILA NOVA DE FAMALICÂO","BRAGA"),("35922811","Hasad K. Mueller","1969-12-31","Portuguesa",266,0,"VIEIRA DO MINHO","BRAGA"),("55564959","Kasimir F. Shields","1969-12-31","Portuguesa",267,0,"VIZELA","BRAGA"),("68038926","Molly D. Decker","1969-12-31","Portuguesa",268,0,"BRAGA","BRAGA"),("85124970","Wilma W. Good","1969-12-31","Portuguesa",269,0,"VIEIRA DO MINHO","BRAGA"),("35354717","Brendan I. Barrett","1969-12-31","Portuguesa",270,0,"VIEIRA DO MINHO","BRAGA");
INSERT INTO `Cidadao` (`cartao_cidadao`,`nome`,`data_nascimento`,`nacionalidade`,`eleitor_id`,`candidato`,`concelho`,`distrito`) VALUES ("29397701","Savannah F. Figueroa","1969-12-31","Portuguesa",271,0,"AMARES","BRAGA"),("63626741","Fletcher Y. Day","1969-12-31","Portuguesa",272,1,"CELORICO DE BASTO","BRAGA"),("66060968","Shaine Y. Rios","1969-12-31","Portuguesa",273,0,"BARCELO","BRAGA"),("75836401","Quinn V. Potts","1969-12-31","Portuguesa",274,0,"AMARES","BRAGA"),("88161032","Nero J. Osborne","1969-12-31","Portuguesa",275,0,"CABECEIRAS DE BASTO","BRAGA"),("29524259","Cyrus J. Avery","1969-12-31","Portuguesa",276,0,"BARCELO","BRAGA"),("61188795","Alexander Y. Randall","1969-12-31","Portuguesa",277,0,"VILA NOVA DE FAMALICÂO","BRAGA"),("71985896","Alexander F. Holder","1969-12-31","Portuguesa",278,0,"FAFE","BRAGA"),("42518677","Odessa R. Dotson","1969-12-31","Portuguesa",279,0,"GUIMARÂES","BRAGA"),("39155034","Forrest D. Massey","1969-12-31","Portuguesa",280,0,"VILA VERDE","BRAGA");
INSERT INTO `Cidadao` (`cartao_cidadao`,`nome`,`data_nascimento`,`nacionalidade`,`eleitor_id`,`candidato`,`concelho`,`distrito`) VALUES ("54401969","Phyllis Y. Fulton","1969-12-31","Portuguesa",281,0,"VILA VERDE","BRAGA"),("86551308","Belle E. Walters","1969-12-31","Portuguesa",282,1,"FAFE","BRAGA"),("15818313","Colby N. Morse","1969-12-31","Portuguesa",283,0,"PÓVOA DE LANHOSO","BRAGA"),("90039720","Lee Z. Wright","1969-12-31","Portuguesa",284,0,"CABECEIRAS DE BASTO","BRAGA"),("00591482","Wanda F. Wright","1969-12-31","Portuguesa",285,0,"VIZELA","BRAGA"),("69280936","Britanni T. Reid","1969-12-31","Portuguesa",286,0,"CELORICO DE BASTO","BRAGA"),("64636227","Ima G. Santiago","1969-12-31","Portuguesa",287,0,"AMARES","BRAGA"),("00953246","Erich E. Valenzuela","1969-12-31","Portuguesa",288,0,"GUIMARÂES","BRAGA"),("56324944","Calvin C. Madden","1969-12-31","Portuguesa",289,0,"CELORICO DE BASTO","BRAGA"),("01613096","Alec C. Holloway","1969-12-31","Portuguesa",290,0,"BARCELO","BRAGA");
INSERT INTO `Cidadao` (`cartao_cidadao`,`nome`,`data_nascimento`,`nacionalidade`,`eleitor_id`,`candidato`,`concelho`,`distrito`) VALUES ("45174709","Rafael M. Warner","1969-12-31","Portuguesa",291,0,"BARCELO","BRAGA"),("52872337","Isadora P. Acevedo","1969-12-31","Portuguesa",292,1,"AMARES","BRAGA"),("42192062","Mark T. Mueller","1969-12-31","Portuguesa",293,0,"CABECEIRAS DE BASTO","BRAGA"),("68538330","Kyra N. Strickland","1969-12-31","Portuguesa",294,0,"VIEIRA DO MINHO","BRAGA"),("42153048","Merrill I. Guy","1969-12-31","Portuguesa",295,0,"ESPOSENDE","BRAGA"),("95506536","Shelly C. Baker","1969-12-31","Portuguesa",296,0,"BARCELO","BRAGA"),("77050425","Cassady V. Dickerson","1969-12-31","Portuguesa",297,0,"TERRAS DE BOURO","BRAGA"),("43818913","Jada O. Copeland","1969-12-31","Portuguesa",298,0,"VILA VERDE","BRAGA"),("47192539","Hector Q. Acevedo","1969-12-31","Portuguesa",299,0,"VILA NOVA DE FAMALICÂO","BRAGA"),("00859508","Bell O. Frost","1969-12-31","Portuguesa",300,0,"VIEIRA DO MINHO","BRAGA");
INSERT INTO `Cidadao` (`cartao_cidadao`,`nome`,`data_nascimento`,`nacionalidade`,`eleitor_id`,`candidato`,`concelho`,`distrito`) VALUES ("69599137","Nash E. Armstrong","1969-12-31","Portuguesa",301,0,"CELORICO DE BASTO","BRAGA"),("37774139","Phyllis F. Oneal","1969-12-31","Portuguesa",302,1,"CABECEIRAS DE BASTO","BRAGA"),("26006880","Thomas U. Howe","1969-12-31","Portuguesa",303,0,"ESPOSENDE","BRAGA"),("42809516","Slade F. Davidson","1969-12-31","Portuguesa",304,0,"BRAGA","BRAGA"),("69634309","Chanda A. Bishop","1969-12-31","Portuguesa",305,0,"ESPOSENDE","BRAGA"),("73394625","Meredith L. Preston","1969-12-31","Portuguesa",306,0,"CELORICO DE BASTO","BRAGA"),("60138933","Kiona H. Crane","1969-12-31","Portuguesa",307,0,"AMARES","BRAGA"),("28784341","Kaye S. Barton","1969-12-31","Portuguesa",308,0,"ESPOSENDE","BRAGA"),("78834354","Kiayada S. Henry","1969-12-31","Portuguesa",309,0,"CABECEIRAS DE BASTO","BRAGA"),("00712298","Brian I. Kelly","1969-12-31","Portuguesa",310,0,"BARCELO","BRAGA");
INSERT INTO `Cidadao` (`cartao_cidadao`,`nome`,`data_nascimento`,`nacionalidade`,`eleitor_id`,`candidato`,`concelho`,`distrito`) VALUES ("35109409","Teegan O. Cooley","1969-12-31","Portuguesa",311,0,"ESPOSENDE","BRAGA"),("33748285","Stewart G. Guthrie","1969-12-31","Portuguesa",312,1,"VILA NOVA DE FAMALICÂO","BRAGA"),("94861817","Kevyn F. Alvarado","1969-12-31","Portuguesa",313,0,"PÓVOA DE LANHOSO","BRAGA"),("56906540","Nelle V. Knight","1969-12-31","Portuguesa",314,0,"ESPOSENDE","BRAGA"),("64031382","Byron L. Mckee","1969-12-31","Portuguesa",315,0,"PÓVOA DE LANHOSO","BRAGA"),("35579700","Jemima G. Arnold","1969-12-31","Portuguesa",316,0,"AMARES","BRAGA"),("77651534","Dexter M. Solomon","1969-12-31","Portuguesa",317,0,"CABECEIRAS DE BASTO","BRAGA"),("88384263","Eleanor N. Lewis","1969-12-31","Portuguesa",318,0,"BRAGA","BRAGA"),("91481821","Blaine X. Cobb","1969-12-31","Portuguesa",319,0,"TERRAS DE BOURO","BRAGA"),("95675078","Lars I. Pena","1969-12-31","Portuguesa",320,0,"CELORICO DE BASTO","BRAGA");
INSERT INTO `Cidadao` (`cartao_cidadao`,`nome`,`data_nascimento`,`nacionalidade`,`eleitor_id`,`candidato`,`concelho`,`distrito`) VALUES ("85105720","Caldwell K. Odonnell","1969-12-31","Portuguesa",321,0,"BRAGA","BRAGA"),("50757499","Harding Y. Silva","1969-12-31","Portuguesa",322,1,"ESPOSENDE","BRAGA"),("29277070","Sasha D. Sampson","1969-12-31","Portuguesa",323,0,"PÓVOA DE LANHOSO","BRAGA"),("01936753","Lydia V. Richmond","1969-12-31","Portuguesa",324,0,"ESPOSENDE","BRAGA"),("06781330","Cody A. Livingston","1969-12-31","Portuguesa",325,0,"PÓVOA DE LANHOSO","BRAGA"),("66372236","Jennifer I. Stout","1969-12-31","Portuguesa",326,0,"ESPOSENDE","BRAGA"),("21888405","Alma H. Page","1969-12-31","Portuguesa",327,0,"AMARES","BRAGA"),("34703481","Odette H. Richardson","1969-12-31","Portuguesa",328,0,"VIEIRA DO MINHO","BRAGA"),("37239994","Isaac G. Burnett","1969-12-31","Portuguesa",329,0,"AMARES","BRAGA"),("54613975","Deirdre Y. Hodge","1969-12-31","Portuguesa",330,0,"PÓVOA DE LANHOSO","BRAGA");
INSERT INTO `Cidadao` (`cartao_cidadao`,`nome`,`data_nascimento`,`nacionalidade`,`eleitor_id`,`candidato`,`concelho`,`distrito`) VALUES ("90571729","Bernard H. Goodman","1969-12-31","Portuguesa",331,0,"VILA VERDE","BRAGA"),("88007116","Macey R. Flynn","1969-12-31","Portuguesa",332,1,"VIEIRA DO MINHO","BRAGA"),("12882197","Larissa P. Hardy","1969-12-31","Portuguesa",333,0,"AMARES","BRAGA"),("97407493","Xenos X. Mccarty","1969-12-31","Portuguesa",334,0,"CABECEIRAS DE BASTO","BRAGA"),("86541395","Diana L. Peterson","1969-12-31","Portuguesa",335,0,"CABECEIRAS DE BASTO","BRAGA"),("72478570","Tatum L. Wolf","1969-12-31","Portuguesa",336,0,"PÓVOA DE LANHOSO","BRAGA"),("00895820","Genevieve F. Santos","1969-12-31","Portuguesa",337,0,"AMARES","BRAGA"),("88443669","Tasha R. Gallagher","1969-12-31","Portuguesa",338,0,"BARCELO","BRAGA"),("72081183","Alfreda I. Cunningham","1969-12-31","Portuguesa",339,0,"GUIMARÂES","BRAGA"),("25615528","Brynn R. Hartman","1969-12-31","Portuguesa",340,0,"VIEIRA DO MINHO","BRAGA");
INSERT INTO `Cidadao` (`cartao_cidadao`,`nome`,`data_nascimento`,`nacionalidade`,`eleitor_id`,`candidato`,`concelho`,`distrito`) VALUES ("62636370","Simone W. Harrington","1969-12-31","Portuguesa",341,0,"VIZELA","BRAGA"),("31119212","Yuri G. Serrano","1969-12-31","Portuguesa",342,1,"FAFE","BRAGA"),("31683872","Leigh I. Cook","1969-12-31","Portuguesa",343,0,"FAFE","BRAGA"),("55630680","Tyrone I. Deleon","1969-12-31","Portuguesa",344,0,"VILA VERDE","BRAGA"),("98802349","Fuller J. Fitzpatrick","1969-12-31","Portuguesa",345,0,"FAFE","BRAGA"),("86437271","Leigh H. Knapp","1969-12-31","Portuguesa",346,0,"VIZELA","BRAGA"),("85143705","Xyla Y. Bowen","1969-12-31","Portuguesa",347,0,"BRAGA","BRAGA"),("01332071","Molly J. Marquez","1969-12-31","Portuguesa",348,0,"BRAGA","BRAGA"),("09870691","Erich Z. Ingram","1969-12-31","Portuguesa",349,0,"FAFE","BRAGA"),("05719731","Wyatt F. Harper","1969-12-31","Portuguesa",350,0,"VIEIRA DO MINHO","BRAGA");
INSERT INTO `Cidadao` (`cartao_cidadao`,`nome`,`data_nascimento`,`nacionalidade`,`eleitor_id`,`candidato`,`concelho`,`distrito`) VALUES ("11509150","Wesley M. Rivera","1969-12-31","Portuguesa",351,0,"VIZELA","BRAGA"),("86032234","Dakota P. Allison","1969-12-31","Portuguesa",352,1,"VILA NOVA DE FAMALICÂO","BRAGA"),("02386677","Clinton W. Carr","1969-12-31","Portuguesa",353,0,"TERRAS DE BOURO","BRAGA"),("93137517","Denise H. Levine","1969-12-31","Portuguesa",354,0,"BRAGA","BRAGA"),("70072640","Imani Q. Moses","1969-12-31","Portuguesa",355,0,"BRAGA","BRAGA"),("10325514","Lance K. Lambert","1969-12-31","Portuguesa",356,0,"VIZELA","BRAGA"),("81223287","Lionel N. Oneal","1969-12-31","Portuguesa",357,0,"GUIMARÂES","BRAGA"),("20587155","Barbara A. Diaz","1969-12-31","Portuguesa",358,0,"BARCELO","BRAGA"),("11033011","Colin N. Shields","1969-12-31","Portuguesa",359,0,"AMARES","BRAGA"),("10834473","Maryam E. Jimenez","1969-12-31","Portuguesa",360,0,"FAFE","BRAGA");
INSERT INTO `Cidadao` (`cartao_cidadao`,`nome`,`data_nascimento`,`nacionalidade`,`eleitor_id`,`candidato`,`concelho`,`distrito`) VALUES ("90880616","Sarah L. Trevino","1969-12-31","Portuguesa",361,0,"TERRAS DE BOURO","BRAGA"),("41435645","Ingrid Y. Rodgers","1969-12-31","Portuguesa",362,0,"VIZELA","BRAGA"),("71179246","Thomas S. Bradshaw","1969-12-31","Portuguesa",363,0,"VIEIRA DO MINHO","BRAGA"),("39253575","Neville C. Becker","1969-12-31","Portuguesa",364,0,"VILA NOVA DE FAMALICÂO","BRAGA"),("92621623","Nissim Y. Kelley","1969-12-31","Portuguesa",365,0,"BARCELO","BRAGA"),("72310714","Rashad L. Pruitt","1969-12-31","Portuguesa",366,0,"AMARES","BRAGA"),("62617533","Ferris V. James","1969-12-31","Portuguesa",367,0,"GUIMARÂES","BRAGA"),("29092259","Carson G. Dorsey","1969-12-31","Portuguesa",368,0,"PÓVOA DE LANHOSO","BRAGA"),("17137652","Claudia T. Merritt","1969-12-31","Portuguesa",369,0,"VIEIRA DO MINHO","BRAGA"),("42479884","Vance V. Lowery","1969-12-31","Portuguesa",370,0,"CABECEIRAS DE BASTO","BRAGA");
INSERT INTO `Cidadao` (`cartao_cidadao`,`nome`,`data_nascimento`,`nacionalidade`,`eleitor_id`,`candidato`,`concelho`,`distrito`) VALUES ("94195047","Olivia F. Green","1969-12-31","Portuguesa",371,0,"FAFE","BRAGA"),("07891499","Macy S. Meadows","1969-12-31","Portuguesa",372,1,"PÓVOA DE LANHOSO","BRAGA"),("26866381","Wang O. Serrano","1969-12-31","Portuguesa",373,0,"BRAGA","BRAGA"),("66151229","Mollie H. Dickerson","1969-12-31","Portuguesa",374,0,"VIEIRA DO MINHO","BRAGA"),("58122506","Wesley V. Trujillo","1969-12-31","Portuguesa",375,0,"FAFE","BRAGA"),("90813886","Myra E. Wheeler","1969-12-31","Portuguesa",376,0,"BRAGA","BRAGA"),("54725227","Timon P. Matthews","1969-12-31","Portuguesa",377,0,"BARCELO","BRAGA"),("78672932","Aaron W. Rios","1969-12-31","Portuguesa",378,0,"ESPOSENDE","BRAGA"),("03849251","Curran V. Cox","1969-12-31","Portuguesa",379,0,"VIZELA","BRAGA"),("71641653","Dominic A. Combs","1969-12-31","Portuguesa",380,0,"VILA NOVA DE FAMALICÂO","BRAGA");
INSERT INTO `Cidadao` (`cartao_cidadao`,`nome`,`data_nascimento`,`nacionalidade`,`eleitor_id`,`candidato`,`concelho`,`distrito`) VALUES ("41279208","Curran M. Kramer","1969-12-31","Portuguesa",381,0,"BRAGA","BRAGA"),("02414380","Kylee Q. Larson","1969-12-31","Portuguesa",382,1,"FAFE","BRAGA"),("09699515","Sandra Q. Hartman","1969-12-31","Portuguesa",383,0,"PÓVOA DE LANHOSO","BRAGA"),("72082095","Paki V. Key","1969-12-31","Portuguesa",384,0,"ESPOSENDE","BRAGA"),("55700703","Adrienne S. Best","1969-12-31","Portuguesa",385,0,"CABECEIRAS DE BASTO","BRAGA"),("89187400","Colton H. Peters","1969-12-31","Portuguesa",386,0,"ESPOSENDE","BRAGA"),("76595390","Brynne C. Gillespie","1969-12-31","Portuguesa",387,0,"VIEIRA DO MINHO","BRAGA"),("14858034","Karyn T. Carroll","1969-12-31","Portuguesa",388,0,"VIEIRA DO MINHO","BRAGA"),("50662530","Hyacinth D. Mcleod","1969-12-31","Portuguesa",389,0,"BARCELO","BRAGA"),("30072389","Malachi X. Garza","1969-12-31","Portuguesa",390,0,"GUIMARÂES","BRAGA");
INSERT INTO `Cidadao` (`cartao_cidadao`,`nome`,`data_nascimento`,`nacionalidade`,`eleitor_id`,`candidato`,`concelho`,`distrito`) VALUES ("27015249","Keane P. Hatfield","1969-12-31","Portuguesa",391,0,"VIEIRA DO MINHO","BRAGA"),("38502390","Liberty M. Charles","1969-12-31","Portuguesa",392,1,"VIEIRA DO MINHO","BRAGA"),("04613439","Maile S. Reed","1969-12-31","Portuguesa",393,0,"BRAGA","BRAGA"),("15520280","Yvonne C. Goodman","1969-12-31","Portuguesa",394,0,"ESPOSENDE","BRAGA"),("45963160","Justina U. Lindsay","1969-12-31","Portuguesa",395,0,"PÓVOA DE LANHOSO","BRAGA"),("21858869","Murphy F. Mcgee","1969-12-31","Portuguesa",396,0,"AMARES","BRAGA"),("24661176","Maia U. Stout","1969-12-31","Portuguesa",397,0,"BRAGA","BRAGA"),("44824864","Finn W. Marks","1969-12-31","Portuguesa",398,0,"VILA VERDE","BRAGA"),("52695876","Xaviera A. Manning","1969-12-31","Portuguesa",399,0,"VIEIRA DO MINHO","BRAGA"),("85576062","Kermit Y. Fitzgerald","1969-12-31","Portuguesa",400,0,"BRAGA","BRAGA");


-- Cria Eleicoes

INSERT INTO `Eleicao` (`id_eleicao`,`data_eleicao`,`tipo`) VALUES (1,"2010-08-13","Presidencial"),(2,"1983-07-24","Legislativas"),(3,"1974-01-31","Legislativas"),(4,"2009-02-14","Legislativas"),(5,"2003-12-30","Legislativas"),(6,"2013-09-23","Legislativas"),(7,"1978-06-18","Presidencial"),(8,"1984-03-04","Legislativas"),(9,"2008-05-20","Legislativas"),(10,"2001-09-15","Legislativas");


-- Cria Listas

INSERT INTO `Lista` (`id_lista`,`nome_lista`,`resultado`) VALUES (1,"Orci Adipiscing PC",41),(2,"Donec Felis Orci Institute",95),(3,"Enim Etiam Gravida Company",200),(4,"Gravida Aliquam LLC",10),(5,"Ultrices Posuere Ltd",197),(6,"Ornare Inc.",26),(7,"Curabitur Massa Limited",186),(8,"In Limited",147),(9,"In Cursus Et Company",105),(10,"Aliquam LLP",148);
INSERT INTO `Lista` (`id_lista`,`nome_lista`,`resultado`) VALUES (11,"Auctor Incorporated",100),(12,"Volutpat Nulla Dignissim Inc.",20),(13,"Ac Mi Eleifend Consulting",26),(14,"Luctus Ut Foundation",70),(15,"Ligula Aenean Euismod Ltd",84),(16,"Dictum Augue Institute",56),(17,"Sit Limited",174),(18,"Aliquam Iaculis Lacus Corporation",77),(19,"Elit Inc.",81),(20,"Gravida Aliquam LLP",94);
INSERT INTO `Lista` (`id_lista`,`nome_lista`,`resultado`) VALUES (21,"Egestas Fusce Aliquet Ltd",159),(22,"Dignissim Pharetra Industries",10),(23,"Ligula Donec Luctus Institute",140),(24,"Nam Interdum Associates",175),(25,"Posuere Corporation",192),(26,"In PC",12),(27,"Phasellus At Augue PC",28),(28,"Dui Nec Corporation",153),(29,"Nam Porttitor Consulting",65),(30,"Neque Ltd",112);
INSERT INTO `Lista` (`id_lista`,`nome_lista`,`resultado`) VALUES (31,"At Velit Pellentesque Associates",196),(32,"Nostra Company",39),(33,"Erat Sed Industries",167),(34,"Quisque Fringilla PC",58),(35,"Aenean Egestas Limited",183),(36,"Nunc Ltd",32),(37,"Nibh Limited",43),(38,"Mi Felis Corp.",6),(39,"Pellentesque Tellus Sem Corporation",109),(40,"Enim Foundation",170);

-- Relaçoes entre eleitores e eleicoes

INSERT INTO `CadernoVoto` (`Eleicao_id_eleicao`,`Eleitor_id_eleitor`,`votou?`) VALUES (6,27,"0"),(4,54,"0"),(6,72,"0"),(6,37,"0"),(1,4,"1"),(10,46,"0"),(1,4,"0"),(10,49,"0"),(10,34,"0"),(8,8,"0");
INSERT INTO `CadernoVoto` (`Eleicao_id_eleicao`,`Eleitor_id_eleitor`,`votou?`) VALUES (6,43,"1"),(9,55,"0"),(1,38,"0"),(6,67,"0"),(7,88,"1"),(2,21,"0"),(10,72,"0"),(5,93,"1"),(10,4,"0"),(6,93,"1");
INSERT INTO `CadernoVoto` (`Eleicao_id_eleicao`,`Eleitor_id_eleitor`,`votou?`) VALUES (6,49,"0"),(1,93,"0"),(3,40,"0"),(8,61,"0"),(8,32,"1"),(1,32,"1"),(10,12,"1"),(3,93,"1"),(4,38,"1"),(9,89,"0");
INSERT INTO `CadernoVoto` (`Eleicao_id_eleicao`,`Eleitor_id_eleitor`,`votou?`) VALUES (8,11,"0"),(7,42,"1"),(3,10,"1"),(3,95,"1"),(5,85,"0"),(2,16,"0"),(9,84,"1"),(7,36,"0"),(8,4,"0"),(5,12,"0");
INSERT INTO `CadernoVoto` (`Eleicao_id_eleicao`,`Eleitor_id_eleitor`,`votou?`) VALUES (9,40,"1"),(10,98,"1"),(5,56,"0"),(10,83,"1"),(2,89,"1"),(9,73,"0"),(3,58,"0"),(2,71,"0"),(7,6,"1"),(4,90,"0");
INSERT INTO `CadernoVoto` (`Eleicao_id_eleicao`,`Eleitor_id_eleitor`,`votou?`) VALUES (3,79,"1"),(4,78,"0"),(6,36,"1"),(7,77,"1"),(8,83,"1"),(6,36,"0"),(3,96,"0"),(6,76,"0"),(9,10,"0"),(6,80,"1");
INSERT INTO `CadernoVoto` (`Eleicao_id_eleicao`,`Eleitor_id_eleitor`,`votou?`) VALUES (8,99,"0"),(1,76,"1"),(3,58,"1"),(6,6,"1"),(2,3,"0"),(3,38,"1"),(8,66,"0"),(7,82,"0"),(6,33,"0"),(9,64,"0");
INSERT INTO `CadernoVoto` (`Eleicao_id_eleicao`,`Eleitor_id_eleitor`,`votou?`) VALUES (3,67,"0"),(6,21,"0"),(3,30,"1"),(5,85,"1"),(2,86,"0"),(10,84,"1"),(3,50,"0"),(7,74,"0"),(8,8,"1"),(7,94,"0");
INSERT INTO `CadernoVoto` (`Eleicao_id_eleicao`,`Eleitor_id_eleitor`,`votou?`) VALUES (9,94,"1"),(8,15,"1"),(7,66,"0"),(9,68,"0"),(5,100,"0"),(3,31,"1"),(9,66,"1"),(3,68,"1"),(10,15,"1"),(10,28,"1");
INSERT INTO `CadernoVoto` (`Eleicao_id_eleicao`,`Eleitor_id_eleitor`,`votou?`) VALUES (5,9,"1"),(9,78,"0"),(4,80,"1"),(9,64,"0"),(4,76,"0"),(4,13,"1"),(5,24,"0"),(9,38,"0"),(4,10,"1"),(9,43,"0");
INSERT INTO `CadernoVoto` (`Eleicao_id_eleicao`,`Eleitor_id_eleitor`,`votou?`) VALUES (2,126,"0"),(3,101,"0"),(1,190,"1"),(10,125,"0"),(7,168,"0"),(10,161,"1"),(3,139,"0"),(10,176,"1"),(5,149,"1"),(1,198,"0");
INSERT INTO `CadernoVoto` (`Eleicao_id_eleicao`,`Eleitor_id_eleitor`,`votou?`) VALUES (5,119,"1"),(8,189,"1"),(9,144,"1"),(5,107,"1"),(2,122,"1"),(3,150,"0"),(6,115,"1"),(5,190,"1"),(2,133,"1"),(6,121,"1");
INSERT INTO `CadernoVoto` (`Eleicao_id_eleicao`,`Eleitor_id_eleitor`,`votou?`) VALUES (10,147,"1"),(6,183,"0"),(8,170,"1"),(2,170,"0"),(8,147,"1"),(6,158,"0"),(10,128,"0"),(1,177,"0"),(5,162,"1"),(3,148,"0");
INSERT INTO `CadernoVoto` (`Eleicao_id_eleicao`,`Eleitor_id_eleitor`,`votou?`) VALUES (9,122,"1"),(3,104,"0"),(2,190,"1"),(10,199,"0"),(4,199,"0"),(10,196,"1"),(5,137,"1"),(4,122,"1"),(6,118,"0"),(9,157,"1");
INSERT INTO `CadernoVoto` (`Eleicao_id_eleicao`,`Eleitor_id_eleitor`,`votou?`) VALUES (5,126,"0"),(1,124,"1"),(2,111,"0"),(9,123,"1"),(1,103,"1"),(4,161,"1"),(7,113,"1"),(3,108,"0"),(6,153,"1"),(2,167,"1");
INSERT INTO `CadernoVoto` (`Eleicao_id_eleicao`,`Eleitor_id_eleitor`,`votou?`) VALUES (3,133,"1"),(8,200,"0"),(3,171,"0"),(6,127,"1"),(6,124,"0"),(3,103,"0"),(6,108,"0"),(6,185,"1"),(2,178,"0"),(5,185,"1");
INSERT INTO `CadernoVoto` (`Eleicao_id_eleicao`,`Eleitor_id_eleitor`,`votou?`) VALUES (6,198,"1"),(10,171,"1"),(5,114,"1"),(9,183,"0"),(7,112,"1"),(2,163,"0"),(4,131,"0"),(7,129,"0"),(7,101,"1"),(7,172,"0");
INSERT INTO `CadernoVoto` (`Eleicao_id_eleicao`,`Eleitor_id_eleitor`,`votou?`) VALUES (7,172,"0"),(9,140,"1"),(1,151,"0"),(2,105,"0"),(4,121,"1"),(3,134,"0"),(9,172,"0"),(2,143,"1"),(3,189,"1"),(4,173,"1");
INSERT INTO `CadernoVoto` (`Eleicao_id_eleicao`,`Eleitor_id_eleitor`,`votou?`) VALUES (2,107,"0"),(1,131,"1"),(8,135,"1"),(5,194,"1"),(6,142,"1"),(6,106,"0"),(4,150,"1"),(6,139,"1"),(4,140,"1"),(7,199,"1");
INSERT INTO `CadernoVoto` (`Eleicao_id_eleicao`,`Eleitor_id_eleitor`,`votou?`) VALUES (4,103,"0"),(6,131,"1"),(6,129,"1"),(1,197,"1"),(9,128,"1"),(7,135,"0"),(4,152,"1"),(6,178,"1"),(10,138,"1"),(2,142,"0");
INSERT INTO `CadernoVoto` (`Eleicao_id_eleicao`,`Eleitor_id_eleitor`,`votou?`) VALUES (8,278,"0"),(2,274,"1"),(5,289,"0"),(1,265,"1"),(1,292,"1"),(3,214,"1"),(9,274,"0"),(10,226,"1"),(4,300,"0"),(8,216,"1");
INSERT INTO `CadernoVoto` (`Eleicao_id_eleicao`,`Eleitor_id_eleitor`,`votou?`) VALUES (9,220,"1"),(4,294,"1"),(8,219,"0"),(6,235,"0"),(9,201,"1"),(6,228,"1"),(1,251,"1"),(5,291,"0"),(5,215,"1"),(2,233,"1");
INSERT INTO `CadernoVoto` (`Eleicao_id_eleicao`,`Eleitor_id_eleitor`,`votou?`) VALUES (8,272,"0"),(1,227,"1"),(10,229,"0"),(9,278,"0"),(7,273,"0"),(7,269,"0"),(2,242,"0"),(5,219,"1"),(8,255,"0"),(2,250,"0");
INSERT INTO `CadernoVoto` (`Eleicao_id_eleicao`,`Eleitor_id_eleitor`,`votou?`) VALUES (4,229,"0"),(5,238,"1"),(9,247,"0"),(10,234,"0"),(6,251,"1"),(2,284,"0"),(9,244,"0"),(7,247,"1"),(8,284,"1"),(9,228,"1");
INSERT INTO `CadernoVoto` (`Eleicao_id_eleicao`,`Eleitor_id_eleitor`,`votou?`) VALUES (3,201,"1"),(2,244,"1"),(8,285,"1"),(5,279,"0"),(2,293,"0"),(2,229,"0"),(3,229,"0"),(4,202,"1"),(4,234,"1"),(9,224,"1");
INSERT INTO `CadernoVoto` (`Eleicao_id_eleicao`,`Eleitor_id_eleitor`,`votou?`) VALUES (8,202,"1"),(1,254,"0"),(1,245,"0"),(8,249,"1"),(3,230,"0"),(8,293,"0"),(1,273,"0"),(10,238,"1"),(9,233,"0"),(7,276,"1");
INSERT INTO `CadernoVoto` (`Eleicao_id_eleicao`,`Eleitor_id_eleitor`,`votou?`) VALUES (2,241,"1"),(4,284,"0"),(5,270,"0"),(7,235,"1"),(9,272,"1"),(1,277,"1"),(8,243,"0"),(7,239,"0"),(1,263,"1"),(9,231,"1");
INSERT INTO `CadernoVoto` (`Eleicao_id_eleicao`,`Eleitor_id_eleitor`,`votou?`) VALUES (6,219,"0"),(10,244,"0"),(5,218,"1"),(9,259,"1"),(1,269,"0"),(7,254,"1"),(7,289,"0"),(1,214,"0"),(9,248,"0"),(1,261,"1");
INSERT INTO `CadernoVoto` (`Eleicao_id_eleicao`,`Eleitor_id_eleitor`,`votou?`) VALUES (4,232,"1"),(3,234,"1"),(4,287,"0"),(10,255,"1"),(1,215,"1"),(1,230,"0"),(3,254,"0"),(3,265,"0"),(2,210,"0"),(9,202,"0");
INSERT INTO `CadernoVoto` (`Eleicao_id_eleicao`,`Eleitor_id_eleitor`,`votou?`) VALUES (3,255,"1"),(2,217,"1"),(5,272,"1"),(1,291,"1"),(5,204,"1"),(9,251,"1"),(8,295,"1"),(4,219,"1"),(3,278,"1"),(7,267,"0");
INSERT INTO `CadernoVoto` (`Eleicao_id_eleicao`,`Eleitor_id_eleitor`,`votou?`) VALUES (5,343,"1"),(1,357,"0"),(1,400,"1"),(3,338,"1"),(10,322,"0"),(2,339,"1"),(7,332,"0"),(3,389,"1"),(1,371,"0"),(10,383,"0");
INSERT INTO `CadernoVoto` (`Eleicao_id_eleicao`,`Eleitor_id_eleitor`,`votou?`) VALUES (8,330,"1"),(3,321,"1"),(10,331,"0"),(10,381,"0"),(2,357,"1"),(6,372,"1"),(9,349,"0"),(5,396,"1"),(2,345,"0"),(7,349,"0");
INSERT INTO `CadernoVoto` (`Eleicao_id_eleicao`,`Eleitor_id_eleitor`,`votou?`) VALUES (5,384,"0"),(1,348,"1"),(10,399,"0"),(9,305,"1"),(7,314,"0"),(9,399,"0"),(2,303,"1"),(2,394,"1"),(3,365,"1"),(3,339,"0");
INSERT INTO `CadernoVoto` (`Eleicao_id_eleicao`,`Eleitor_id_eleitor`,`votou?`) VALUES (3,374,"1"),(8,378,"1"),(5,342,"0"),(10,332,"1"),(5,313,"1"),(8,337,"1"),(4,311,"1"),(1,365,"1"),(2,381,"1"),(7,339,"1");
INSERT INTO `CadernoVoto` (`Eleicao_id_eleicao`,`Eleitor_id_eleitor`,`votou?`) VALUES (10,336,"1"),(9,345,"0"),(2,334,"1"),(7,393,"1"),(3,308,"1"),(1,330,"0"),(9,398,"1"),(9,349,"0"),(3,372,"1"),(3,362,"1");
INSERT INTO `CadernoVoto` (`Eleicao_id_eleicao`,`Eleitor_id_eleitor`,`votou?`) VALUES (10,334,"0"),(6,360,"1"),(1,380,"1"),(2,377,"1"),(5,362,"1"),(4,331,"0"),(6,382,"0"),(6,304,"1"),(4,386,"1"),(8,356,"0");
INSERT INTO `CadernoVoto` (`Eleicao_id_eleicao`,`Eleitor_id_eleitor`,`votou?`) VALUES (4,388,"1"),(5,378,"1"),(2,391,"1"),(9,370,"1"),(5,350,"0"),(6,371,"0"),(6,324,"1"),(2,395,"0"),(9,389,"1"),(8,304,"0");
INSERT INTO `CadernoVoto` (`Eleicao_id_eleicao`,`Eleitor_id_eleitor`,`votou?`) VALUES (9,364,"1"),(4,308,"1"),(3,400,"0"),(2,371,"0"),(3,358,"0"),(3,377,"0"),(4,372,"1"),(8,339,"1"),(5,391,"1"),(5,394,"0");
INSERT INTO `CadernoVoto` (`Eleicao_id_eleicao`,`Eleitor_id_eleitor`,`votou?`) VALUES (8,397,"1"),(6,316,"1"),(5,328,"0"),(8,349,"1"),(9,394,"1"),(7,363,"1"),(1,359,"1"),(8,367,"0"),(5,396,"0"),(5,330,"0");
INSERT INTO `CadernoVoto` (`Eleicao_id_eleicao`,`Eleitor_id_eleitor`,`votou?`) VALUES (10,344,"0"),(1,323,"0"),(6,377,"1"),(3,346,"1"),(6,398,"0"),(3,395,"0"),(8,321,"1"),(8,318,"1"),(7,395,"0"),(9,346,"1");

-- Relaçao entre Eleicao, Lista e Candidato

INSERT INTO `EleicaoListaCandidato` (`Eleicao_id_eleicao`,`Lista_id_lista`,`Cidadao_cartao_cidadao`,`hierarquia`,`partido`) VALUES (2,4,"81441532","Segundo","Sed Orci Lobortis Industries"),(2,4,"72616479","Primeiro","At Pede Institute"),(2,5,"12998584","Primeiro","Suspendisse Aliquet Molestie Limited"),(2,5,"28119166","Segundo","Dui Inc."),(2,6,"32735705","Primeiro","Rhoncus Nullam Velit Incorporated"),(2,6,"13535194","Segundo","Fusce Mollis PC");
INSERT INTO `EleicaoListaCandidato` (`Eleicao_id_eleicao`,`Lista_id_lista`,`Cidadao_cartao_cidadao`,`hierarquia`,`partido`) VALUES (1,1,"65245209","Presidente","Neque Industries"),(1,2,"31631609","Presidente","Arcu Nunc Ltd");
INSERT INTO `EleicaoListaCandidato` (`Eleicao_id_eleicao`,`Lista_id_lista`,`Cidadao_cartao_cidadao`,`hierarquia`,`partido`) VALUES (7,7,"62078449","Presidente","Egestas LLP"),(7,8,"94603760","Presidente","Neque Vitae Corporation"),(7,9,"68696713","Presidente","Dui Institute");
INSERT INTO `EleicaoListaCandidato` (`Eleicao_id_eleicao`,`Lista_id_lista`,`Cidadao_cartao_cidadao`,`hierarquia`,`partido`) VALUES (3,10,"02018281","Primeiro","Euismod Urna Nullam Associates"),(3,11,"20897746","Primeiro","Lorem Vitae Odio Institute"),(3,12,"85088758","Primeiro","Duis Inc.");
INSERT INTO `EleicaoListaCandidato` (`Eleicao_id_eleicao`,`Lista_id_lista`,`Cidadao_cartao_cidadao`,`hierarquia`,`partido`) VALUES (4,13,"04799665","Primeiro","Luctus Ipsum Leo LLC"),(4,14,"82409758","Primeiro","Lorem Vitae Inc."),(4,15,"61739778","Primeiro","Eleifend Corporation");
INSERT INTO `EleicaoListaCandidato` (`Eleicao_id_eleicao`,`Lista_id_lista`,`Cidadao_cartao_cidadao`,`hierarquia`,`partido`) VALUES (5,16,"21641104","Primeiro","Dapibus Gravida LLC"),(5,17,"41537137","Primeiro","Tellus Company");
INSERT INTO `EleicaoListaCandidato` (`Eleicao_id_eleicao`,`Lista_id_lista`,`Cidadao_cartao_cidadao`,`hierarquia`,`partido`) VALUES (6,18,"60548550","Primeiro","Id Consulting"),(6,19,"63496694","Primeiro","Pellentesque Habitant Consulting");
INSERT INTO `EleicaoListaCandidato` (`Eleicao_id_eleicao`,`Lista_id_lista`,`Cidadao_cartao_cidadao`,`hierarquia`,`partido`) VALUES (8,20,"71806067","Primeiro","Arcu Ac Corporation"),(8,21,"17675154","Primeiro","Ullamcorper Nisl Arcu Ltd"),(8,22,"41487450","Primeiro","Donec Egestas Duis Company");
INSERT INTO `EleicaoListaCandidato` (`Eleicao_id_eleicao`,`Lista_id_lista`,`Cidadao_cartao_cidadao`,`hierarquia`,`partido`) VALUES (9,23,"78157898","Primeiro","Proin Vel Arcu Corp."),(9,24,"17552403","Primeiro","Aliquam Fringilla Cursus Associates"),(9,25,"20486949","Primeiro","Aliquam Fringilla LLC");
INSERT INTO `EleicaoListaCandidato` (`Eleicao_id_eleicao`,`Lista_id_lista`,`Cidadao_cartao_cidadao`,`hierarquia`,`partido`) VALUES (10,26,"63626741","Primeiro","Vivamus Sit Amet Consulting"),(10,27,"75417411","Primeiro","Urna Justo Faucibus Incorporated"),(10,28,"34924333","Primeiro","Risus Donec Foundation");
