<?xml version="1.0" encoding="UTF-8"?>
<project-private xmlns="http://www.netbeans.org/ns/project-private/1">
    <editor-bookmarks xmlns="http://www.netbeans.org/ns/editor-bookmarks/2" lastBookmarkId="0"/>
    <open-files xmlns="http://www.netbeans.org/ns/projectui-open-files/2">
        <group>
            <file>file:/C:/Users/PEDRO/Desktop/CN/TP1/CNTP/src/Agents/TorreControlo.java</file>
            <file>file:/C:/Users/PEDRO/Desktop/CN/TP1/CNTP/src/Behaviours/TorreEspera.java</file>
            <file>file:/C:/Users/PEDRO/Desktop/CN/TP1/CNTP/src/GUI/NewAirplane.java</file>
            <file>file:/C:/Users/PEDRO/Desktop/CN/TP1/CNTP/src/GUI/Principal.java</file>
        </group>
    </open-files>
</project-private>
